Name	Owner	Type	Status	Priority	Estimated SP	Actual SP	Sprint	Project	Epic	Completed Date	Update (GitHub evidence)
[HRIS] Every Transfers list pages the whole table - HR, Accounting, Manager and the export	Kane Reroma	Bug	Pending Deploy	High	3		Sprint 30	Simple HRIS Platform	HRIS-26 Department Transfers v2		27082696 0f783bf4 | https://github.com/Simple-biz/simple-hris/commit/0f783bf4
[HRIS] The Payroll Wizard Validation step gets HRIS vs NPD - paste NPD's figures, match each work email to within a set number of cents, and list who is left out	Kane Reroma	Feature	Pending Deploy	High	8		Sprint 30	Simple HRIS Platform	HRIS-02a Payroll Wizard		e8c0cdba 7e6a50e3 9ed71b58 505e3a99 ff397af1 851777f6 | https://github.com/Simple-biz/simple-hris/commit/851777f6
[HRIS] Non-HSL hours are priced at 2dp from the Sep 27 pay week, so a pay stub's Hours x Rate multiplies out	Kane Reroma	Bug	Pending Deploy	Critical	3		Sprint 30	Simple HRIS Platform	HRIS-02a Payroll Wizard		ae33f9fd 57e712f9 | https://github.com/Simple-biz/simple-hris/commit/57e712f9
[HRIS] Every HR tab paints from the tab cache, and the shared panels paint and then always refetch	Kane Reroma	Feature	Pending Deploy	Medium	5		Sprint 30	Simple HRIS Platform	HRIS-12 HR Operations Suite		70381811 | https://github.com/Simple-biz/simple-hris/commit/70381811
[HRIS] Cold Manager tabs paint from the cache, the Leaves tab included, with hire rows cached as a projection	Kane Reroma	Feature	Pending Deploy	Medium	3		Sprint 30	Simple HRIS Platform	HRIS-10 Manager & My Team		9dbc17bc c5555f3d | https://github.com/Simple-biz/simple-hris/commit/c5555f3d
[HRIS] Every Notifications panel gets Unread and Need Action tiles, and every card carries an Eastern time stamp	Kane Reroma	Feature	Pending Deploy	Medium	3		Sprint 30	Simple HRIS Platform	HRIS-15 Platform, Admin & Observability		abf5f7a0 | https://github.com/Simple-biz/simple-hris/commit/abf5f7a0
[HRIS] Opening HR Notifications no longer re-sends 140 onboarding notifications - the backfill asks per submission	Kane Reroma	Bug	Pending Deploy	High	3		Sprint 30	Simple HRIS Platform	HRIS-12 HR Operations Suite		97f1bdef | https://github.com/Simple-biz/simple-hris/commit/97f1bdef
[HRIS] OWASP Top 10 2025 security audit of HRIS - 52 findings, 6 Critical	Kane Reroma	Spike	Done	High	3	3	Sprint 30	Simple HRIS Platform	HRIS-05 RBAC, Security & Access Control	2026-10-01	d18ad5af | https://github.com/Simple-biz/simple-hris/commit/d18ad5af
[HRIS] NPD, the New Payroll Dashboard - a paste-in sheet under Accounting with All Departments and HSL tabs, saved per pay week	Kane Reroma	Feature	Pending Deploy	High	8		Sprint 30	Simple HRIS Platform	HRIS-02a Payroll Wizard		f92527b3 | https://github.com/Simple-biz/simple-hris/commit/f92527b3 | BLOCKED: No one holds the npd grant (measured 0 on 2026-10-02). Admins see NPD already; Aliviah needs Admin > Roles > Accounting > NPD > Edit
[HRIS] NPD Lock in - a locked tab-week refuses every save in the database, confirmed in a modal with timestamps	Kane Reroma	Feature	Pending Deploy	High	5		Sprint 30	Simple HRIS Platform	HRIS-02a Payroll Wizard		f39bed0d 6a2c1f22 | https://github.com/Simple-biz/simple-hris/commit/6a2c1f22
[HRIS] NPD runs the Google Sheet's own formulas, editable from a right-click	Kane Reroma	Feature	Pending Deploy	High	8		Sprint 30	Simple HRIS Platform	HRIS-02a Payroll Wizard		a24daf85 f255de46 | https://github.com/Simple-biz/simple-hris/commit/f255de46
[HRIS] NPD syncs each tab from the Google Sheet for the wizard's current week, with a progress bar and a Last synced stamp	Kane Reroma	Feature	Pending Deploy	Medium	5		Sprint 30	Simple HRIS Platform	HRIS-02a Payroll Wizard		c28a7041 b9768e46 4b8fbff7 | https://github.com/Simple-biz/simple-hris/commit/4b8fbff7
[HRIS] NPD opens fast - a read-only cached picture, a skeleton while it loads, and a grid that draws only the rows in view	Kane Reroma	Feature	Pending Deploy	Medium	5		Sprint 30	Simple HRIS Platform	HRIS-02a Payroll Wizard		ee10cff5 bb7d675c ab6df389 1b4fa0a8 | https://github.com/Simple-biz/simple-hris/commit/1b4fa0a8
[HRIS] HRIS vs NPD Save output - an append-only saved version per pay week	Kane Reroma	Feature	Pending Deploy	High	5		Sprint 30	Simple HRIS Platform	HRIS-02a Payroll Wizard		ee8e5a8b | https://github.com/Simple-biz/simple-hris/commit/ee8e5a8b | BLOCKED: Migration NOT APPLIED: payroll_wizard_npd_comparisons does not exist (measured 2026-10-02, PGRST205, with a negative control). Run scripts/apply-payroll-wizard-npd-comparisons-migration.mts --apply
[HRIS] Accounting Scoreboard in HRIS - Carla's sheet as a live board with 10 sections, a collections log and Setup, on its own domain	Kane Reroma	Feature	Pending Deploy	High	8		Sprint 30	Simple HRIS Platform	HRIS-06 KPI Calculator & Payment Catalog		7458fc5a c3197d8d 54958e52 | https://github.com/Simple-biz/simple-hris/commit/54958e52 | BLOCKED: The accounting-bonus.vercel.app domain is not set up: Vercel domain, ACCOUNTING_SCOREBOARD_HOST env, and the OAuth redirect URI (accounting-scoreboard.md Deploy notes, PENDING Kane)
[HRIS] Accounting Scoreboard Payroll Timing from the Payroll Wizard's own start, with a stop-light Overview and a phone menu	Kane Reroma	Feature	Pending Deploy	Medium	5		Sprint 30	Simple HRIS Platform	HRIS-06 KPI Calculator & Payment Catalog		c476ffe8 8a4a514d | https://github.com/Simple-biz/simple-hris/commit/8a4a514d
[HRIS] Accounting Scoreboard history backfilled from Carla's sheet, with an archive page	Kane Reroma	Feature	Pending Deploy	Medium	5		Sprint 30	Simple HRIS Platform	HRIS-06 KPI Calculator & Payment Catalog		789fb0fa | https://github.com/Simple-biz/simple-hris/commit/789fb0fa
[HRIS] Admin Penny shows an employee's ID card - rendered by its own tool, never picked from the file list	Kane Reroma	Feature	Pending Deploy	Medium	5		Sprint 30	Simple HRIS Platform	HRIS-28 CEO “Penny” AI Assistant & Live KPIs		9eda01e1 | https://github.com/Simple-biz/simple-hris/commit/9eda01e1
[HRIS] HR onboarding Bypass and Save accept data sub-teams such as hsl:attorney	Kane Reroma	Bug	Pending Deploy	High	3		Sprint 30	Simple HRIS Platform	HRIS-12 HR Operations Suite		071297ce | https://github.com/Simple-biz/simple-hris/commit/071297ce
[HRIS] The test suite is green again - 5,556 of 5,556 pass	Kane Reroma	Chore	Pending Deploy	Medium	3		Sprint 30	Simple HRIS Platform	HRIS-15 Platform, Admin & Observability		88237d71 | https://github.com/Simple-biz/simple-hris/commit/88237d71
[HRIS] Salaried pay basis - a flat weekly salary on an individual Pay Structure, dated per person	Kane Reroma	Feature	Pending Deploy	Critical	8		Sprint 30	Simple HRIS Platform	HRIS-06 KPI Calculator & Payment Catalog		4ef0da13 | https://github.com/Simple-biz/simple-hris/commit/4ef0da13
[HRIS] rob@ keeps View on People but never sees or files Pay	Kane Reroma	Feature	In Progress	Medium	3		Sprint 30	Simple HRIS Platform	HRIS-23 People Directory & Pay Governance		7c7f7046 | https://github.com/Simple-biz/simple-hris/commit/7c7f7046
[HRIS] Story points start at 2 - the Monday skill retires 1 SP and makes 3 the default	Kane Reroma	Chore	In Progress	Low	2		Sprint 30	Simple HRIS Platform	HRIS-15 Platform, Admin & Observability		b9c658cc | https://github.com/Simple-biz/simple-hris/commit/b9c658cc
[HRIS] The CEO Overview loads like Accounting's - no full-page skeleton, and Payments to send paints from the cache	Kane Reroma	Feature	In Progress	Medium	3		Sprint 30	Simple HRIS Platform	HRIS-11 CEO / Executive Suite		89b4347f | https://github.com/Simple-biz/simple-hris/commit/89b4347f
