"Section","Key","Rows","SP","Done SP","Open SP","Note"
"Source","this file","","","","","offline: plan + repo pass history (pass 2026-10-09 counted as applied)"
"Project (item 340 method)","Total Project SP","","3329","","","Σ epic forecast 1569 + 1760 SP of task rows filed from Sprint 26 (Aug 4) on"
"Project (item 340 method)","SP Completed, as recorded","","3165","","","Total − 14 open task SP − 150 forecast on not-Shipped epics that no row covers"
"Project (item 340 method)","SP Completed, if the 11 In Progress epics are marked Shipped (V1 done)","","3315","","","Total − 14 open task SP. Epics: HRIS-02b HRIS-03a HRIS-03b HRIS-03c HRIS-04 HRIS-05 HRIS-07 HRIS-09 HRIS-10 HRIS-11 HRIS-13"
"Project (portfolio rollup in sync.ts)","Σ epic forecast","37","1569","","","what the Projects Portfolio row shows as Total; the item 340 figure there is item 154, still Kane's"
"Task rows","all","559","2151","2137","14","555 Done · 4 open"
"By sprint","Sprint 17","1","3","3","0",""
"By sprint","Sprint 19","8","32","32","0",""
"By sprint","Sprint 20","7","22","22","0",""
"By sprint","Sprint 21","5","23","23","0",""
"By sprint","Sprint 22","11","47","47","0",""
"By sprint","Sprint 23","7","23","23","0",""
"By sprint","Sprint 24","25","84","84","0",""
"By sprint","Sprint 25","46","157","157","0",""
"By sprint","Sprint 26","37","154","154","0",""
"By sprint","Sprint 27","72","257","257","0",""
"By sprint","Sprint 28","94","358","358","0",""
"By sprint","Sprint 29","122","452","452","0",""
"By sprint","Sprint 30","121","529","522","7",""
"By sprint","Backlog","3","10","3","7",""
"By epic","HRIS-01 Employee Onboarding & Data Management","1","5","5","0","Shipped · forecast 101"
"By epic","HRIS-01a Employee Onboarding & Offboarding Automation","28","100","100","0","Shipped · forecast 80"
"By epic","HRIS-02a Payroll Wizard","48","203","203","0","Shipped · forecast 90"
"By epic","HRIS-02b PAB Calculator & Rate Management","19","75","73","2","In Progress · forecast 84 · 9 SP of forecast no row covers"
"By epic","HRIS-03a Payment Dispatch","33","110","110","0","In Progress · forecast 42"
"By epic","HRIS-03b Paystub Dispatch","16","63","63","0","In Progress · forecast 26"
"By epic","HRIS-03c Vendors & Orphanage Payments","15","60","60","0","In Progress · forecast 71 · 11 SP of forecast no row covers"
"By epic","HRIS-04 Employee Dispute / Issue System","11","44","44","0","In Progress · forecast 52 · 8 SP of forecast no row covers"
"By epic","HRIS-05 RBAC, Security & Access Control","16","56","56","0","In Progress · forecast 75 · 19 SP of forecast no row covers"
"By epic","HRIS-06 KPI Calculator & Payment Catalog","72","299","299","0","Shipped · forecast 76"
"By epic","HRIS-07 MESA Integration","24","101","101","0","In Progress · forecast 41"
"By epic","HRIS-08 Bonus Engine","6","25","25","0","Shipped · forecast 64"
"By epic","HRIS-09 Employee Self-Service Portal","33","117","117","0","In Progress · forecast 96"
"By epic","HRIS-10 Manager & My Team","21","82","77","5","In Progress · forecast 53"
"By epic","HRIS-11 CEO / Executive Suite","4","17","17","0","In Progress · forecast 89 · 72 SP of forecast no row covers"
"By epic","HRIS-12 HR Operations Suite","6","24","24","0","Shipped · forecast 48"
"By epic","HRIS-13 Real-time Collaboration & Presence","7","23","23","0","In Progress · forecast 54 · 31 SP of forecast no row covers"
"By epic","HRIS-14 Integrations (Google Sheets / Workspace / Hubstaff)","10","34","34","0","Shipped · forecast 63"
"By epic","HRIS-15 Platform, Admin & Observability","57","194","194","0","Shipped · forecast 75"
"By epic","HRIS-16 QC / Quality Control","10","35","35","0","Shipped · forecast 18"
"By epic","HRIS-17 Tickets & Support Board (Kanban)","10","51","46","5","Shipped · forecast 20"
"By epic","HRIS-18 Documents Center & E-Signing","14","57","57","0","Shipped · forecast 20"
"By epic","HRIS-19 Bank Preferred Governance & WIRES Lock","8","32","30","2","Shipped · forecast 20"
"By epic","HRIS-20 Payroll Readiness Dashboard","7","24","24","0","Shipped · forecast 12"
"By epic","HRIS-21 Payroll Notes & Adjustments Bridge","5","17","17","0","Shipped · forecast 14"
"By epic","HRIS-22 Hubstaff Live API Integration","0","0","0","0","Shipped · forecast 12"
"By epic","HRIS-23 People Directory & Pay Governance","12","40","40","0","Shipped · forecast 25"
"By epic","HRIS-24 New Hire Checklist & Hiring Analytics","10","38","38","0","Shipped · forecast 20"
"By epic","HRIS-25 Self-Serve Bank Update (OTP)","5","22","22","0","Shipped · forecast 11"
"By epic","HRIS-26 Department Transfers v2","8","26","26","0","Shipped · forecast 14"
"By epic","HRIS-27 Contractor Portal & Invoicing","1","5","5","0","Shipped · forecast 20"
"By epic","HRIS-28 CEO “Penny” AI Assistant & Live KPIs","6","31","31","0","Shipped · forecast 18"
"By epic","HRIS-29 Applicant Screening Hub","0","0","0","0","Shipped · forecast 10"
"By epic","HRIS-30 HSL KPI 2026-07 Overhaul & Week-Model Cutover","17","61","61","0","Shipped · forecast 19"
"By epic","HRIS-31 S-WALL Social Wall & Announcements","0","0","0","0","Shipped · forecast 11"
"By epic","HRIS-32 Gifts & Milestones Tracker","15","59","59","0","Shipped · forecast 12"
"By epic","HRIS-33 Pay Cycle Reports & Publication","4","21","21","0","Shipped · forecast 13"
"Open row","[HRIS] Legacy rates-sheet cell can route null-preferred → hurupay: decision + guard","1","2","0","2","Ready to Start · Sprint 30"
"Open row","[HRIS] Five employees still hold a rate override keyed to the retired bare hsl department","1","2","0","2","Ready to Start · Backlog"
"Open row","[HRIS] Tickets board notifies the requester on every update — comment emails and status-move emails","1","5","0","5","Pending Deploy · Sprint 30"
"Open row","[HRIS] Scheduling moves inside the HSL department and starts saving, gated on the scheduling grant rather than team membership","1","5","0","5","Pending Deploy · Backlog"
