Name	Owner	Type	Status	Priority	Estimated SP	Actual SP	Sprint	Project	Epic	Completed Date	Last status written (not re-read)	Rule
[HRIS] The HSL Branches KPI calculator can score the upcoming week	Kane Reroma	Bug	Done	Medium	2	2	Sprint 29	Simple HRIS Platform	HRIS-30 HSL KPI 2026-07 Overhaul & Week-Model Cutover	2026-09-23	Pending Deploy	Done ONLY on Kane's word that it is live in prod; date = last sha 00cd5eac
[HRIS] The Accounting → People Pay button shows only for the CEO — the button, not the pay route	Kane Reroma	Feature	Done	Medium	1	1	Sprint 29	Simple HRIS Platform	HRIS-23 People Directory & Pay Governance	2026-09-23	Pending Deploy	Done ONLY on Kane's word that it is live in prod; date = last sha 131289f7
[HRIS] Anniversary Gifts pick their gift from Gift items, items show a reference price again, and the free-form Suggestions card is gone	Kane Reroma	Feature	Done	Low	3	3	Sprint 29	Simple HRIS Platform	HRIS-32 Gifts & Milestones Tracker	2026-09-23	Pending Deploy	Done ONLY on Kane's word that it is live in prod; date = last sha b386f258
[HRIS] Gift Tracker Orders — approved gifts are locked into a priced PDF invoice, and the tab badge counts the gifts still open	Kane Reroma	Feature	Done	High	8	8	Sprint 29	Simple HRIS Platform	HRIS-32 Gifts & Milestones Tracker	2026-09-23	Pending Deploy	Done ONLY on Kane's word that it is live in prod; date = last sha 923d7956
[HRIS] A Gift Tracker order invoice can be deleted, and locking one shows a Creating invoice overlay	Kane Reroma	Feature	Done	Medium	2	2	Sprint 29	Simple HRIS Platform	HRIS-32 Gifts & Milestones Tracker	2026-09-23	Pending Deploy	Done ONLY on Kane's word that it is live in prod; date = last sha c6f4d06f
[HRIS] The Gift Tracker Submissions tab pages at 20	Kane Reroma	Feature	Done	Low	1	1	Sprint 29	Simple HRIS Platform	HRIS-32 Gifts & Milestones Tracker	2026-09-23	Pending Deploy	Done ONLY on Kane's word that it is live in prod; date = last sha b47bb153
[HRIS] CEO Penny runs on Opus 5.5 with every Admin tool, and can map who holds access over whom	Kane Reroma	Feature	Done	Medium	5	5	Sprint 29	Simple HRIS Platform	HRIS-28 CEO “Penny” AI Assistant & Live KPIs	2026-09-23	Pending Deploy	Done ONLY on Kane's word that it is live in prod; date = last sha 643d25af
[HRIS] A leaver with no master row gets termination documents from the pay ledger, never by writing a master row back, and the starting rate is optional	Kane Reroma	Bug	Done	High	5	5	Sprint 29	Simple HRIS Platform	HRIS-18 Documents Center & E-Signing	2026-09-28	Pending Deploy	Done ONLY on Kane's word that it is live in prod; date = last sha 6565022d
[HRIS] The Payment Dispatch hero leads with the pay week — one Start/Stop control, no heading or source filename, and a finished processor shows a green check	Kane Reroma	Feature	Done	Low	3	3	Sprint 29	Simple HRIS Platform	HRIS-03a Payment Dispatch	2026-09-24	Pending Deploy	Done ONLY on Kane's word that it is live in prod; date = last sha 277352b0
[HRIS] A failed pay read on Payment Dispatch shows an error instead of claiming no Hubstaff cycle was uploaded	Kane Reroma	Bug	Done	High	1	1	Sprint 29	Simple HRIS Platform	HRIS-03a Payment Dispatch	2026-09-24	Pending Deploy	Done ONLY on Kane's word that it is live in prod; date = last sha 9e775ef6
[HRIS] A rehire’s promote reactivates their own off-boarded master row instead of leaving them invisible, and refuses a row on a different personal email	Kane Reroma	Bug	Done	Critical	3	3	Sprint 29	Simple HRIS Platform	HRIS-01a Employee Onboarding & Offboarding Automation	2026-09-24	Pending Deploy	Done ONLY on Kane's word that it is live in prod; date = last sha e41ce525
[HRIS] The Payment Catalog re-reads the roster on refetch, so a transfer moves the sub-team headcounts	Kane Reroma	Bug	Done	Medium	2	2	Sprint 29	Simple HRIS Platform	HRIS-06 KPI Calculator & Payment Catalog	2026-09-24	Pending Deploy	Done ONLY on Kane's word that it is live in prod; date = last sha 327f5d94
[HRIS] A Personal Email cell holding a name instead of an address no longer wins paystub delivery, and five of the six paystubs it blocked are sent	Kane Reroma	Bug	Done	High	3	3	Sprint 29	Simple HRIS Platform	HRIS-03b Paystub Dispatch	2026-09-24	Pending Deploy	Done ONLY on Kane's word that it is live in prod; date = last sha a09ba22d
[HRIS] Employees can no longer pick their sending bank — only Accounting sets it, and the approval queue is retired	Kane Reroma	Feature	Done	High	5	5	Sprint 29	Simple HRIS Platform	HRIS-19 Bank Preferred Governance & WIRES Lock	2026-09-24	Pending Deploy	Done ONLY on Kane's word that it is live in prod; date = last sha 6cabcff3
[HRIS] The Employee Profile puts the ID card beside the information, matches the Overview navy in dark mode, and drops the Selected channel line	Kane Reroma	Chore	Done	Low	2	2	Sprint 29	Simple HRIS Platform	HRIS-09 Employee Self-Service Portal	2026-09-27	Pending Deploy	Done ONLY on Kane's word that it is live in prod; date = last sha 0d5e26e2
[HRIS] A manager may transfer someone out of a department they also manage, and never releases their own request	Kane Reroma	Bug	Done	High	3	3	Sprint 29	Simple HRIS Platform	HRIS-26 Department Transfers v2	2026-09-25	Pending Deploy	Done ONLY on Kane's word that it is live in prod; date = last sha 431b3914
[HRIS] The bank-update OTP page and its code email warn that Simple never asks for a card number, CVV or expiry	Kane Reroma	Feature	Done	High	2	2	Sprint 29	Simple HRIS Platform	HRIS-25 Self-Serve Bank Update (OTP)	2026-09-25	Pending Deploy	Done ONLY on Kane's word that it is live in prod; date = last sha 87c407ff
[HRIS] The People Bank changes feed filters by bank type	Kane Reroma	Feature	Done	Low	2	2	Sprint 29	Simple HRIS Platform	HRIS-19 Bank Preferred Governance & WIRES Lock	2026-09-25	Pending Deploy	Done ONLY on Kane's word that it is live in prod; date = last sha faf996f9
[HRIS] The Current Banks Who banks here list has unique row keys	Kane Reroma	Bug	Done	Low	1	1	Sprint 29	Simple HRIS Platform	HRIS-06 KPI Calculator & Payment Catalog	2026-09-25	Pending Deploy	Done ONLY on Kane's word that it is live in prod; date = last sha 85085bf5
[HRIS] The Start Processing peer modal names who started it, and the cue is no longer cut at 12 seconds	Kane Reroma	Feature	Done	Low	2	2	Sprint 29	Simple HRIS Platform	HRIS-02a Payroll Wizard	2026-09-25	Pending Deploy	Done ONLY on Kane's word that it is live in prod; date = last sha 0f4667c5
[HRIS] People Search Bar — find a person by name or work email and read their bank details inline, as the first People tab	Kane Reroma	Feature	Done	Medium	5	5	Sprint 29	Simple HRIS Platform	HRIS-23 People Directory & Pay Governance	2026-09-25	Pending Deploy	Done ONLY on Kane's word that it is live in prod; date = last sha b2c7de37
[HRIS] The Search Bar person record gets Profile, Payroll and PAB tabs, and Payroll counts the bonuses	Kane Reroma	Feature	Done	Medium	5	5	Sprint 29	Simple HRIS Platform	HRIS-23 People Directory & Pay Governance	2026-09-28	Pending Deploy	Done ONLY on Kane's word that it is live in prod; date = last sha 7480c046
[HRIS] Integrations → Data catalog — every dataset outside systems may read, may one day read, or never will	Kane Reroma	Feature	Done	Medium	5	5	Sprint 29	Simple HRIS Platform	HRIS-15 Platform, Admin & Observability	2026-09-25	Pending Deploy	Done ONLY on Kane's word that it is live in prod; date = last sha cbe1754f
[HRIS] HR Onboarding loads every submission and staged hire past 1,000, and splits Archived from Archived/Complete	Kane Reroma	Bug	Done	Critical	3	3	Sprint 29	Simple HRIS Platform	HRIS-01a Employee Onboarding & Offboarding Automation	2026-09-25	Pending Deploy	Done ONLY on Kane's word that it is live in prod; date = last sha ae4e7392
[HRIS] HR Onboarding All shows live submissions only, Archived gets its own pill, and the hero card and Lead Gen Bulk promote button are gone	Kane Reroma	Chore	Done	Low	2	2	Sprint 29	Simple HRIS Platform	HRIS-01a Employee Onboarding & Offboarding Automation	2026-09-25	Pending Deploy	Done ONLY on Kane's word that it is live in prod; date = last sha 5c5cc077
[HRIS] Three more readers capped at 1,000 rows now page — the work-email taken set, the New Hire Checklist and the rates sync	Kane Reroma	Bug	Done	High	3	3	Sprint 29	Simple HRIS Platform	HRIS-15 Platform, Admin & Observability	2026-09-25	Pending Deploy	Done ONLY on Kane's word that it is live in prod; date = last sha 8591e978
[HRIS] The AI/API Team’s own managers read SP Rankings on My Team, and the Employee tab stays Kane’s	Kane Reroma	Feature	Done	Medium	2	2	Sprint 29	Simple HRIS Platform	HRIS-10 Manager & My Team	2026-09-26	Pending Deploy	Done ONLY on Kane's word that it is live in prod; date = last sha ce76444c
[HRIS] My Team Appointments ranking for Lead Gen and Callback — most appointments set, with tenure	Kane Reroma	Feature	Done	Medium	5	5	Sprint 29	Simple HRIS Platform	HRIS-10 Manager & My Team	2026-09-26	Pending Deploy	Done ONLY on Kane's word that it is live in prod; date = last sha 3a0866cc
[HRIS] My Team Rankings leaderboard for appointment teams — average appointments per day, week and month	Kane Reroma	Feature	Done	Medium	5	5	Sprint 29	Simple HRIS Platform	HRIS-10 Manager & My Team	2026-09-26	Pending Deploy	Done ONLY on Kane's word that it is live in prod; date = last sha 5db19364
[HRIS] PM Team Rankings rank by bonus earned, shown as KPI items	Kane Reroma	Feature	Done	Medium	5	5	Sprint 29	Simple HRIS Platform	HRIS-10 Manager & My Team	2026-09-27	Pending Deploy	Done ONLY on Kane's word that it is live in prod; date = last sha 7dc15098
[HRIS] KPI Rankings for every per-person KPI-bonus department, cached per department, with Client VA order-only	Kane Reroma	Feature	Done	Medium	5	5	Sprint 29	Simple HRIS Platform	HRIS-10 Manager & My Team	2026-09-27	Pending Deploy	Done ONLY on Kane's word that it is live in prod; date = last sha a7d39f5e
[HRIS] Rankings gets a top-3 podium, a board-shaped skeleton and search by name or work email	Kane Reroma	Feature	Done	Low	3	3	Sprint 29	Simple HRIS Platform	HRIS-10 Manager & My Team	2026-09-27	Pending Deploy	Done ONLY on Kane's word that it is live in prod; date = last sha fe676f9d
[HRIS] Rankings View — one person’s KPI and ranking performance, week by week	Kane Reroma	Feature	Done	Medium	5	5	Sprint 29	Simple HRIS Platform	HRIS-10 Manager & My Team	2026-09-28	Pending Deploy	Done ONLY on Kane's word that it is live in prod; date = last sha 16d958ba
[HRIS] HR, QC and Accounting get KPI Rankings and View as team boards	Kane Reroma	Feature	Done	Medium	3	3	Sprint 29	Simple HRIS Platform	HRIS-10 Manager & My Team	2026-09-28	Pending Deploy	Done ONLY on Kane's word that it is live in prod; date = last sha 3305969c
[HRIS] HSL sub-teams get KPI Rankings and View, ranked on the KPI Calculator’s stored bonus	Kane Reroma	Feature	Done	Medium	3	3	Sprint 29	Simple HRIS Platform	HRIS-10 Manager & My Team	2026-09-28	Pending Deploy	Done ONLY on Kane's word that it is live in prod; date = last sha 707fb1b0
[HRIS] The Overview Payroll Notes card tracks wizard Steps 1–8, open steps first, in place of New hires and Attrition	Kane Reroma	Feature	Done	Medium	5	5	Sprint 29	Simple HRIS Platform	HRIS-21 Payroll Notes & Adjustments Bridge	2026-09-26	Pending Deploy	Done ONLY on Kane's word that it is live in prod; date = last sha da7d22f5
[HRIS] The Hi Kane payroll cycle greeting lists the unfinished wizard steps and jumps to Step N	Kane Reroma	Feature	Done	Low	3	3	Sprint 29	Simple HRIS Platform	HRIS-02a Payroll Wizard	2026-09-26	Pending Deploy	Done ONLY on Kane's word that it is live in prod; date = last sha 5f22e91b
[HRIS] The Issues table moves smoothly, and a time-adjustment proof opens in a viewer with Next and a preview strip	Kane Reroma	Feature	Done	Low	3	3	Sprint 29	Simple HRIS Platform	HRIS-04 Employee Dispute / Issue System	2026-09-26	Pending Deploy	Done ONLY on Kane's word that it is live in prod; date = last sha 2aebfde3
[HRIS] The Payroll Wizard’s all-uploads PAB merge is one streamed server call, byte-identical to the old result	Kane Reroma	Chore	Done	Medium	5	5	Sprint 29	Simple HRIS Platform	HRIS-02a Payroll Wizard	2026-09-27	Pending Deploy	Done ONLY on Kane's word that it is live in prod; date = last sha f30f498c
[HRIS] The Employee Overview PAB calendar follows a wizard PAB Period save live	Kane Reroma	Feature	Done	Medium	3	3	Sprint 29	Simple HRIS Platform	HRIS-09 Employee Self-Service Portal	2026-09-28	Pending Deploy	Done ONLY on Kane's word that it is live in prod; date = last sha bbdea24a
[HRIS] Every Payroll Wizard write leaves an audit row with the right actor, the Hubstaff uploader included	Kane Reroma	Feature	Done	High	5	5	Sprint 29	Simple HRIS Platform	HRIS-15 Platform, Admin & Observability	2026-09-28	Pending Deploy	Done ONLY on Kane's word that it is live in prod; date = last sha 6259f31b
[HRIS] KPI Calculator Add External Member finds people in the manager’s other departments	Kane Reroma	Bug	Done	Medium	2	2	Sprint 29	Simple HRIS Platform	HRIS-06 KPI Calculator & Payment Catalog	2026-09-28	Pending Deploy	Done ONLY on Kane's word that it is live in prod; date = last sha a40076a6
[HRIS] Lead Gen can save and lock its KPI week again — the replace-set delete no longer puts every kept id in the URL	Kane Reroma	Bug	Done	Critical	3	3	Sprint 29	Simple HRIS Platform	HRIS-06 KPI Calculator & Payment Catalog	2026-09-28	Pending Deploy	Done ONLY on Kane's word that it is live in prod; date = last sha 889cce6a
[HRIS] Orientation on My Team pages its weeks, and each week’s people, at 10	Kane Reroma	Feature	Done	Low	2	2	Sprint 29	Simple HRIS Platform	HRIS-10 Manager & My Team	2026-09-28	Pending Deploy	Done ONLY on Kane's word that it is live in prod; date = last sha a8507246
[HRIS] The offboarding queue dialogs render light in light mode	Kane Reroma	Bug	Done	Low	1	1	Sprint 29	Simple HRIS Platform	HRIS-01a Employee Onboarding & Offboarding Automation	2026-09-28	Pending Deploy	Done ONLY on Kane's word that it is live in prod; date = last sha 8423e710
[HRIS] Seven more HSL KPI branches are scored from the Payment Catalog — their hardcoded rules retired, and the Mgr column dropped	Kane Reroma	Feature	Done	High	5	5	Sprint 29	Simple HRIS Platform	HRIS-30 HSL KPI 2026-07 Overhaul & Week-Model Cutover	2026-09-28	Pending Deploy	Done ONLY on Kane's word that it is live in prod; date = last sha 957ec0c0
[HRIS] KPI Calculator insight cards — department spotlight, top earner and the Sent-to-Accounting trend	Kane Reroma	Feature	Done	Medium	5	5	Sprint 29	Simple HRIS Platform	HRIS-06 KPI Calculator & Payment Catalog	2026-09-28	Pending Deploy	Done ONLY on Kane's word that it is live in prod; date = last sha 98a9ecc7
[HRIS] Carla gets a Jellyfish Jam play bubble every five active minutes	Kane Reroma	Feature	Done	Low	3	3	Sprint 29	Simple HRIS Platform	HRIS-15 Platform, Admin & Observability	2026-09-28	Pending Deploy	Done ONLY on Kane's word that it is live in prod; date = last sha d9dc6322
[HRIS] The Employee KPI Bonus figures refetch when the kpi.scored toast arrives, not after a reload	Kane Reroma	Bug	Done	Medium	2	2	Sprint 30	Simple HRIS Platform	HRIS-09 Employee Self-Service Portal	2026-09-29	Pending Deploy	Done ONLY on Kane's word that it is live in prod; date = last sha 2a4695ee
[HRIS] The Orphanage paste adds up a person’s repeated lines and prices the total once	Kane Reroma	Feature	Done	High	3	3	Sprint 30	Simple HRIS Platform	HRIS-03c Vendors & Orphanage Payments	2026-09-29	Pending Deploy	Done ONLY on Kane's word that it is live in prod; date = last sha 0236d8e8
[HRIS] The Start Processing cue plays one minute, then fades out	Kane Reroma	Feature	Done	Low	1	1	Sprint 30	Simple HRIS Platform	HRIS-02a Payroll Wizard	2026-09-29	Pending Deploy	Done ONLY on Kane's word that it is live in prod; date = last sha 56e0a7f4
[HRIS] KPI figures are live on every dashboard — a server Broadcast from all six KPI write routes	Kane Reroma	Feature	Done	High	5	5	Sprint 30	Simple HRIS Platform	HRIS-06 KPI Calculator & Payment Catalog	2026-09-29	Pending Deploy	Done ONLY on Kane's word that it is live in prod; date = last sha e7f5eb91
[HRIS] Payment Dispatch holds every pending payee under US$15.00 at Threshold on load, and says how many	Kane Reroma	Feature	Done	High	5	5	Sprint 30	Simple HRIS Platform	HRIS-03a Payment Dispatch	2026-09-29	Pending Deploy	Done ONLY on Kane's word that it is live in prod; date = last sha c7a437ff
[HRIS] The Pending and Excluded queues swap their violet avatar gradient for lime → green	Kane Reroma	Chore	Done	Low	1	1	Sprint 30	Simple HRIS Platform	HRIS-03a Payment Dispatch	2026-09-29	Pending Deploy	Done ONLY on Kane's word that it is live in prod; date = last sha 314dccad
[HRIS] The HSL Branches KPI Calculator gets the insight cards, and both calculators’ loading skeletons reserve the card row	Kane Reroma	Feature	Done	Medium	3	3	Sprint 30	Simple HRIS Platform	HRIS-30 HSL KPI 2026-07 Overhaul & Week-Model Cutover	2026-09-29	Pending Deploy	Done ONLY on Kane's word that it is live in prod; date = last sha 47f30fd2
[HRIS] A received gift can no longer be flipped back, nobody records or clears their own gift, and Clear needs a written reason	Kane Reroma	Bug	Done	High	3	3	Sprint 30	Simple HRIS Platform	HRIS-32 Gifts & Milestones Tracker	2026-09-29	Pending Deploy	Done ONLY on Kane's word that it is live in prod; date = last sha e37022cc
[HRIS] The Manager Bonus History tab is retired	Kane Reroma	Chore	Done	Low	2	2	Sprint 30	Simple HRIS Platform	HRIS-10 Manager & My Team	2026-09-29	Pending Deploy	Done ONLY on Kane's word that it is live in prod; date = last sha 31fd9c0a
[HRIS] The Sep 29 docs sweep — 31 sessions documented, Termination Letters and Update Bank Info get feature docs, and the reference and UI standards catch up	Kane Reroma	Chore	Done	Low	3	3	Sprint 30	Simple HRIS Platform	HRIS-15 Platform, Admin & Observability	2026-09-29	Pending Deploy	Done ONLY on Kane's word that it is live in prod; date = last sha 28e8bbb0
